[{
    "name":"John",
    "empid":"10233",
    "skills":"React js",
    "project":"Cognizant Interval",
    "HCM":"Alex",
    "Gender":"M"
},
{
    "name":"Mary",
    "empid":"87564",
    "skills":"Java",
    "project":"Cognizant Interval",
    "HCM":"Alex",
    "Gender":"F"
},
{
    "name":"Donn",
    "empid":"47577",
    "skills":"React js",
    "project":"Cognizant Interval",
    "HCM":"Alex",
    "Gender":"M"
},
{
    "name":"Evet",
    "empid":"85858",
    "skills":"Python",
    "project":"Cognizant Interval",
    "HCM":"Alex",
    "Gender":"F"
},
{
    "name":"Berin",
    "empid":"75858",
    "skills":"Java",
    "project":"Cognizant Interval",
    "HCM":"Alex",
    "Gender":"M"
},
{
    "name":"Jerin",
    "empid":"10663",
    "skills":"React js",
    "project":"Cognizant Interval",
    "HCM":"Alex",
    "Gender":"M"
},
{
    "name":"Patrick",
    "empid":"90233",
    "skills":"Python",
    "project":"Cognizant Interval",
    "HCM":"Alex",
    "Gender":"M"

},
{
    "name":"Agna",
    "empid":"74733",
    "skills":".NET",
    "project":"Cognizant Interval",
    "HCM":"Alex",
    "Gender":"F"
},
{
    "name":"Alfred",
    "empid":"88233",
    "skills":"React js",
    "project":"Cognizant Interval",
    "HCM":"Alex",
    "Gender":"M"
},
{
    "name":"Aiden",
    "empid":"99993",
    "skills":"React js",
    "project":"Cognizant Interval",
    "HCM":"Alex",
    "Gender":"M"

} ]
